Company,Position,Location,Tags,Description,URL,Salary_Min,Salary_Max,Date,ID
Bank of America,Software Engineer III - GBS,"Gurgaon, India",Software Engineering; Senior Level,"Job Description:About UsAt Bank of America, we are guided by a common purpose to help make financial lives better through the power of every connection. Responsible Growth is how we run our company and how we deliver for our clients, teammates, communities and shareholders every day.One of the keys to driving Responsible Growth is being a great place to work for our teammates around the world. We're devoted to being a diverse and inclusive workplace for everyone. We hire individuals with a broad range of backgrounds and experiences and invest heavily in our teammates and their families by offering competitive benefits to support their physical, emotional, and financial well-being.Bank of America believes both in the importance of working together and offering flexibility to our employees. We use a multi-faceted approach for flexibility, depending on the various roles in our organization.Working at Bank of America will give you a great career with opportunities to learn, grow and make an impact, along with the power to make a difference. Join us!Global Business ServicesGlobal Business Services delivers Technology and Operations capabilities to Lines of Business and Staff Support Functions of Bank of America through a centrally managed, globally integrated delivery model and globally resilient operations.Global Business Services is recognized for flawless execution, sound risk management, operational resiliency, operational excellence and innovation.In India, we are present in five locations and operate as BA Continuum India Private Limited (BACI), a non-banking subsidiary of Bank of America Corporation and the operating company for India operations of Global Business Services.Process OverviewThe Data Management team (DMT) organization is responsible to Deliver a simplified, strategic data management suite for a holistic end to end view of critical data with integrations to front line metadata repositories, automation of manual governance and operational processes, and comprehensive data health reporting for Management to evidence their understanding of data elements &amp; data quality throughout the data lifecycle from Capture through Use.Job DescriptionThis individual will be responsible for development in Python, Angular and SQL under the Data Quality and management team while interacting with the US team leadership / developer. Require experienced person with strong development, data management and governance along with data modeling experience, and ability to work across multiple teams to ensure consistent implementation of multiple tasks.Responsibilities*Interact with Business Partners and come up with solutionsUnderstand business priorities and strategize with matrix managers on future work possibilities and growth pathDesigns, develops, enhance, debugs, supports, maintain and tests software applications that support business units or supporting functions.Participate and contribute to Team/Project ReviewsLearn new technologies when directed as future development may involve diverse development platforms, software, hardware, technologies and toolsWork in a fast paced agile environment, under minimal supervision, with guidance from senior team membersParticipate in mandatory training and cross functions across teamDemonstrate enthusiasm and zeal to acquire domain knowledgeRequirementsEducationBE / MCAExperience Range6 - 8 YearsFoundational SkillsExperience in the IT field with experience as python developer for large and complex systemsIn-depth experience with Python scripting Exposure /experience with Angular for front end developmentStrong background in Database development (SQL Server)Strong analytical skills with the ability to collect, organize and analyze, information with attention to detail and accuracyStrong understanding of database concepts like (views, primary keys, table joins)Ability to interpret data lineageAbility to quickly navigate a complex organizationExperience in Data AnalysisExcellent verbal, written and presentational communication skills Desired Job Skills:Understanding of Data Management, Third Party Engagement, Cloud Service ProvidersDesired SkillsData Management and Governance, If any vendor tool Collibra, BlueprintWork Timings11.00 AM - 8.00 PMJob LocationMumbai, Gurugram &amp; Hyderabad",https://www.themuse.com/jobs/bankofamerica/software-engineer-iii-gbs,,,2025-03-25T00:00:58Z,16505274
DoorDash,Merchant Services Specialist,"Mexico City, Mexico",Data and Analytics; Mid Level,"About the TeamNew Verticals is an exciting team at DoorDash within the Merchant Services organization that is building and scaling new ways to create and update catalogs for Merchants to sell to our customers on the DoorDash platform. New Verticals includes DashMart, Convenience, Alcohol, Grocery, and Retail businesses. These categories bring about new challenges and opportunities to build something at DoorDash from the ground up. Our team ensures quality for ~30 different workflows while supporting the Vendor Management team, Strategy &amp; Operations as well as other cross functional partners. We primarily work in JIRA, Google Sheets and MODE/SQL as well as internal DoorDash tools.About the RoleAs a Merchant Services Specialist at DoorDash, you will perform quality &amp; assurance for a variety of complex workflows, identify trends within datasets and work to implement changes from those learnings to increase efficiency and improve processes while consistently meeting or exceeding TPD (Task per Day) and accuracy expectations. We're looking for someone who is an operator, detail oriented and a problem solver. You will report directly into the Merchant Services Supervisor. This role will be hybrid. .You're excited about this opportunity because you will...Improve on existing processes and workflowsQA impactful projectsWork with team members to ensure the success of the team on a peer level as well as cross functionally with other teams and leadershipOperate as a Subject Matter Expert to identify trends and highlight opportunities for improvementMeet or exceed metric expectations Learn and pivot between a variety of workflows in order to accomplish the greater business goalsJoin our highly motivated team at a time of rapid growth and exciting scale initiativesWe're excited about you because...Identify trends and patterns within datasets to increase efficiency and improve processesYou are operations-inspired and always look for ways to improve the quality of serviceYou are able to thrive in a fast-paced, constantly changing work environment You have previous experience and a proficient understanding of Google SheetsYou can easily shift between multiple projectsYou have a mind and talent for process improvementYou are detailed oriented and focus on accuracy and precisionYou practice skillful typing and have research abilities Basic SQL querying skillsBase MXN 18,000Performance Bonus MXN 5,000.00Notice to Applicants for Jobs Located in NYC or Remote Jobs Associated With Office in NYC OnlyWe use Covey as part of our hiring and/or promotional process for jobs in NYC and certain features may qualify it as an AEDT in NYC. As part of the hiring and/or promotion process, we provide Covey with job requirements and candidate submitted applications. We began using Covey Scout for Inbound from August 21, 2023, through December 21, 2023, and resumed using Covey Scout for Inbound again on June 29, 2024.The Covey tool has been reviewed by an independent auditor. Results of the audit may be viewed here: CoveyAbout DoorDashAt DoorDash, our mission to empower local economies shapes how our team members move quickly, learn, and reiterate in order to make impactful decisions that display empathy for our range of users-from Dashers to merchant partners to consumers. We are a technology and logistics company that started with door-to-door delivery, and we are looking for team members who can help us go from a company that is known for delivering food to a company that people turn to for any and all goods. DoorDash is growing rapidly and changing constantly, which gives our team members the opportunity to share their unique perspectives, solve new challenges, and own their careers. We're committed to supporting employees' happiness, healthiness, and overall well-being by providing comprehensive benefits and perks.Our Commitment to Diversity and InclusionWe're committed to growing and empowering a more inclusive community within our company, industry, and cities. That's why we hire and cultivate diverse teams of people from all backgrounds, experiences, and perspectives. We believe that true innovation happens when everyone has room at the table and the tools, resources, and opportunity to excel. If you need any accommodations, please inform your recruiting contact upon initial connection.We use Covey as part of our hiring and/or promotional process for jobs in certain locations.The Covey tool has been reviewed by an independent auditor. Results of the audit may be viewed here: https://getcovey.com/nyc-local-law-144To request a reasonable accommodation under applicable law or alternate selection process, please inform your recruiting contact upon initial connection.",https://www.themuse.com/jobs/doordash/merchant-services-specialist-c721b8,,,2025-11-11T19:06:06Z,17664080
Uber,"Senior Staff Engineer, Core Infrastructure","Århus, Denmark",Software Engineering; Senior Level,"About the RoleThe Uber Infrastructure team in Aarhus is at the forefront of building and scaling mission-critical systems that power Uber's global platform. We focus on improving quality, security, modernization, and efficiency across Uber's backend infrastructure. Our work spans safe deployment, encryption, Kubernetes adoption, workload automation, autoscaling, and ARM migration. As a Senior Staff Engineer, you will architect and drive large-scale backend systems, improve developer efficiency and resilience, and shape the next generation of Uber's infrastructure through cutting-edge technologies and scalable engineering practices.What the Candidate Will DoArchitect and evolve backend infrastructure to support Uber's growing workloads, including deployment engines, autoscalers, and hybrid cloud environments.Lead safe deployment and rollback automation across stateless, stateful, and batch workloads, improving resilience and developer efficiency.Improve infrastructure security and compliance, including encryption-at-rest, ransomware mitigation, and cloud security best practices.Advance Uber's modernization efforts, including Kubernetes migration, unified workload platforms, and PaaS improvements.Optimize Uber's infrastructure efficiency, focusing on ARM adoption, autoscaling enhancements, and cost-effective compute allocation.Mentor engineers and drive technical strategy, ensuring Uber's backend infrastructure remains cutting-edge, reliable, and scalable.Basic Qualifications10+ years of experience in backend software development with distributed systems, infrastructure, or cloud platforms.Strong expertise in Go, Java, or similar backend languages, with a deep understanding of Kubernetes, cloud infrastructure, and high-scale systems.Experience driving large-scale system modernization, performance optimizations, and deployment safety improvements.Preferred QualificationsExperience designing and implementing highly available, efficient, and secure cloud-native architectures.Deep understanding of safe deployment strategies, workload automation, and resilience engineering.Proven expertise in scaling autoscaling solutions, ARM adoption, hybrid cloud, or GPU support for ML workloads.Ability to lead large technical initiatives and drive cross-team collaboration across platform, security, and infrastructure teams.If You Want to Find Out MoreFor a deeper dive into some of the technologies and infrastructure innovations at Uber, check out the following resources:CPU Scaling: Vertical CPU Scaling - https://www.uber.com/en-SE/blog/vertical-cpu-scalingCPU Throttling: Avoiding CPU Throttling in a Containerized Environment - https://eng.uber.com/avoiding-cpu-throttling-in-a-containerized-environment/uBuild: Fast and Safe Building of Thousands of Container Images - https://www.uber.com/en-US/blog/ubuild-fast-and-safe-building-of-thousands-of-container-imagesCinnamon:Using Century-Old Tech to Build a Mean Load Shedder - https://www.uber.com/en-SE/blog/cinnamon-using-century-old-tech-to-build-a-mean-load-shedderPID Controller for Cinnamon - https://www.uber.com/en-SE/blog/pid-controller-for-cinnamonCinnamon Auto-Tuner: Adaptive Concurrency in the Wild - https://www.uber.com/en-SE/blog/cinnamon-auto-tuner-adaptive-concurrency-in-the-wildUnified Config: How We Unified Configuration Distribution Across Systems at Uber - https://www.uber.com/en-DK/blog/how-we-unified-configuration-distribution-across-systems-at-uber/Up: Portable Microservices Ready for the Cloud - https://www.uber.com/en-DK/blog/up-portable-microservices-ready-for-the-cloud/Continuous Deployment (CD): Continuous Deployment at Uber - https://www.uber.com/en-SE/blog/continuous-deploymentOdin:Stateful Platform - https://www.uber.com/en-SE/blog/odin-stateful-platform/The Accounter - https://www.uber.com/en-SE/blog/the-accounterINCA: Deduping and Storing Images at Uber Eats - https://www.uber.com/en-SE/blog/deduping-and-storing-images-at-uber-eats/ARM:Adopting ARM at Scale: Bootstrapping Infrastructure - https://www.uber.com/en-SE/blog/adopting-arm-at-scale-bootstrapping-infrastructureAdopting ARM at Scale: Transitioning to a Multi-Architecture Environment - https://www.uber.com/en-SE/blog/adopting-arm-at-scale-transitioning-to-a-multi-architecture-environmentUber's mission is to reimagine the way the world moves for the better. Here, bold ideas create real-world impact, challenges drive growth, and speed fuelds progress. What moves us, moves the world - let's move it forward, together.Offices continue to be central to collaboration and Uber's cultural identity. Unless formally approved to work fully remotely, Uber expects employees to spend at least half of their work time in their assigned office. For certain roles, such as those based at green-light hubs, employees are expected to be in-office for 100% of their time. Please speak with your recruiter to better understand in-office expectations for this role.*Accommodations may be available based on religious and/or medical conditions, or as required by applicable law. To request an accommodation, please reach out to accommodations@uber.com.",https://www.themuse.com/jobs/uber/senior-staff-engineer-core-infrastructure,,,2025-11-20T20:33:46Z,18487018
Lyft,Drive with Lyft - Earn on Your Own Schedule,"Memphis, TN",Software Engineering; Senior Level,"Get a maximum of $400 in bonuses in Memphis.Earn $100 for every 10 rides in 7 days (limit 4). New drivers only. Terms apply.We're looking for new drivers. Lyft's Women+ Connect feature offers more choice, opportunity, and peace of mind for women and nonbinary drivers. We're making Lyft better for everyone.Sign up today and all drivers of any gender are eligible to receive our new driver offer.What is Lyft? Lyft is a flexible earning opportunity and a platform that connects drivers with individuals that need rides. Driving with Lyft is the perfect way to earn money on any schedule and is a great alternative to part-time, full-time and seasonal opportunities. Drivers can cash out any time with Express Pay. Drivers enjoy flexibility with no hourly requirement.Why Lyft?Boost Your Earnings: With Upfront Pay you can view the fare for a ride before you accept it, giving you more control of your earnings. Plus, you keep 100% of your tips.Peace of Mind: In addition to a suite of products designed to make driving more comfortable, Women and nonbinary drivers can turn on Women+ Connect to increase their chances of matching with more women and nonbinary riders, offering more control over their driving experience Be Your Own Boss: Set your own schedule and keep control over when you drive and earnOur VisionMaking Rideshare Better: Diverse communities are stronger, more interesting communities. Making Lyft better for everyoneCommunity Connections: Good vibes. Conversations that turn into friendships. Comfortable silence. Our Women+ Connect is here to improve the ride experience for all drivers and ridersDriver RequirementsYou're at least 25 years old You own an iPhone or Android smartphone You have a clean driving record and auto insurance You have a 4-door from 2008 or newer Car year may vary by regionDoes not apply if you are renting a car through Express Drive programAdditional information You might consider driving with Lyft to earn extra money, driving with Lyft is a great way to supplement your part time or full time income. Driving can be a great summer gig for teachers, or for anyone looking for seasonal or summer work. No experience is needed, but you may be a great fit if you have experience in the public or private transportation industry such as a delivery driver, professional driver, chauffeur, luxury driver, truck driver, school bus driver, taxi driver or cab driver.",https://www.themuse.com/jobs/lyft/drive-with-lyft-earn-on-your-own-schedule-aa747a,,,2025-08-27T13:55:43Z,18685745
Lyft,Drive with Lyft - Earn on Your Own Schedule,"Lawrence, KS",Software Engineering; Senior Level,"Get a maximum of $400 in bonuses in Lawrence.Earn $100 for every 10 rides in 7 days (limit 4). New drivers only. Terms apply.We're looking for new drivers. Lyft's Women+ Connect feature offers more choice, opportunity, and peace of mind for women and nonbinary drivers. We're making Lyft better for everyone.Sign up today and all drivers of any gender are eligible to receive our new driver offer.What is Lyft? Lyft is a flexible earning opportunity and a platform that connects drivers with individuals that need rides. Driving with Lyft is the perfect way to earn money on any schedule and is a great alternative to part-time, full-time and seasonal opportunities. Drivers can cash out any time with Express Pay. Drivers enjoy flexibility with no hourly requirement.Why Lyft?Boost Your Earnings: With Upfront Pay you can view the fare for a ride before you accept it, giving you more control of your earnings. Plus, you keep 100% of your tips.Peace of Mind: In addition to a suite of products designed to make driving more comfortable, Women and nonbinary drivers can turn on Women+ Connect to increase their chances of matching with more women and nonbinary riders, offering more control over their driving experience Be Your Own Boss: Set your own schedule and keep control over when you drive and earnOur VisionMaking Rideshare Better: Diverse communities are stronger, more interesting communities. Making Lyft better for everyoneCommunity Connections: Good vibes. Conversations that turn into friendships. Comfortable silence. Our Women+ Connect is here to improve the ride experience for all drivers and ridersDriver RequirementsYou're at least 25 years old You own an iPhone or Android smartphone You have a clean driving record and auto insurance You have a 4-door from 2008 or newer Car year may vary by regionDoes not apply if you are renting a car through Express Drive programAdditional information You might consider driving with Lyft to earn extra money, driving with Lyft is a great way to supplement your part time or full time income. Driving can be a great summer gig for teachers, or for anyone looking for seasonal or summer work. No experience is needed, but you may be a great fit if you have experience in the public or private transportation industry such as a delivery driver, professional driver, chauffeur, luxury driver, truck driver, school bus driver, taxi driver or cab driver.",https://www.themuse.com/jobs/lyft/drive-with-lyft-earn-on-your-own-schedule-e7cc3a,,,2025-08-27T13:55:43Z,18618716
Lyft,Drive with Lyft - Signing up is Easy,"Lawrence, KS",Software Engineering; Senior Level,"Get a maximum of $400 in bonuses in Lawrence.Earn $100 for every 10 rides in 7 days (limit 4). New drivers only. Terms apply.We're looking for new drivers. Lyft's Women+ Connect feature offers more choice, opportunity, and peace of mind for women and nonbinary drivers. We're making Lyft better for everyone.Sign up today and all drivers of any gender are eligible to receive our new driver offer.What is Lyft? Lyft is a flexible earning opportunity and a platform that connects drivers with individuals that need rides. Driving with Lyft is the perfect way to earn money on any schedule and is a great alternative to part-time, full-time and seasonal opportunities. Drivers can cash out any time with Express Pay. Drivers enjoy flexibility with no hourly requirement.Why Lyft?Boost Your Earnings: With Upfront Pay you can view the fare for a ride before you accept it, giving you more control of your earnings. Plus, you keep 100% of your tips.Peace of Mind: In addition to a suite of products designed to make driving more comfortable, Women and nonbinary drivers can turn on Women+ Connect to increase their chances of matching with more women and nonbinary riders, offering more control over their driving experience Be Your Own Boss: Set your own schedule and keep control over when you drive and earnOur VisionMaking Rideshare Better: Diverse communities are stronger, more interesting communities. Making Lyft better for everyoneCommunity Connections: Good vibes. Conversations that turn into friendships. Comfortable silence. Our Women+ Connect is here to improve the ride experience for all drivers and ridersDriver RequirementsYou're at least 25 years old You own an iPhone or Android smartphone You have a clean driving record and auto insurance You have a 4-door from 2008 or newer Car year may vary by regionDoes not apply if you are renting a car through Express Drive programAdditional information You might consider driving with Lyft to earn extra money, driving with Lyft is a great way to supplement your part time or full time income. Driving can be a great summer gig for teachers, or for anyone looking for seasonal or summer work. No experience is needed, but you may be a great fit if you have experience in the public or private transportation industry such as a delivery driver, professional driver, chauffeur, luxury driver, truck driver, school bus driver, taxi driver or cab driver.",https://www.themuse.com/jobs/lyft/drive-with-lyft-signing-up-is-easy-1bb7e3,,,2025-08-27T13:55:40Z,18626642
Lyft,Drivers Needed in Tampa Bay,"Tampa, FL",Software Engineering; Senior Level,"Get a maximum of $400 in bonuses in Tampa Bay.Earn $100 for every 10 rides in 7 days (limit 4). New drivers only. Terms apply.We're looking for new drivers. Lyft's Women+ Connect feature offers more choice, opportunity, and peace of mind for women and nonbinary drivers. We're making Lyft better for everyone.Sign up today and all drivers of any gender are eligible to receive our new driver offer.What is Lyft? Lyft is a flexible earning opportunity and a platform that connects drivers with individuals that need rides. Driving with Lyft is the perfect way to earn money on any schedule and is a great alternative to part-time, full-time and seasonal opportunities. Drivers can cash out any time with Express Pay. Drivers enjoy flexibility with no hourly requirement.Why Lyft?Boost Your Earnings: With Upfront Pay you can view the fare for a ride before you accept it, giving you more control of your earnings. Plus, you keep 100% of your tips.Peace of Mind: In addition to a suite of products designed to make driving more comfortable, Women and nonbinary drivers can turn on Women+ Connect to increase their chances of matching with more women and nonbinary riders, offering more control over their driving experience Be Your Own Boss: Set your own schedule and keep control over when you drive and earnOur VisionMaking Rideshare Better: Diverse communities are stronger, more interesting communities. Making Lyft better for everyoneCommunity Connections: Good vibes. Conversations that turn into friendships. Comfortable silence. Our Women+ Connect is here to improve the ride experience for all drivers and ridersDriver RequirementsYou're at least 25 years old You own an iPhone or Android smartphone You have a clean driving record and auto insurance You have a 4-door from 2004 or newer Car year may vary by regionDoes not apply if you are renting a car through Express Drive programAdditional information You might consider driving with Lyft to earn extra money, driving with Lyft is a great way to supplement your part time or full time income. Driving can be a great summer gig for teachers, or for anyone looking for seasonal or summer work. No experience is needed, but you may be a great fit if you have experience in the public or private transportation industry such as a delivery driver, professional driver, chauffeur, luxury driver, truck driver, school bus driver, taxi driver or cab driver.",https://www.themuse.com/jobs/lyft/drivers-needed-in-tampa-bay-e2e8dd,,,2025-08-27T13:55:42Z,18690943
Uber,"Applied Scientist II, Brand Marketing","New York, NY",Science and Engineering; Mid Level,"About the roleWe're looking for an Applied Scientist to join our Brand Science team to provide strategic, actionable insights around how to measure and optimize a large brand marketing budget. In the role, you'll be part of and collaborate with a cross-functional team consisting of marketing/media stakeholders, our in-house research and insights team, as well as other scientists across the broader organization.Problems we're working on include:How do we measure the impact of advertising on television and billboards?Can we find a better way to allocate our brand budget across a diverse set of advertising platforms, marketing initiatives, and audiences?How can we improve our existing measurement tools to improve sensitivity and reduce bias?The ideal candidate is both technically deep and intellectually humble. You enjoy out-of-the-box thinking, and are not afraid to roll up your sleeves to get things done. You prioritize practical solutions over novelty but stay curious about new methods and their tradeoffs. You focus on tangible progress and results, but also have a generous spirit, giving others the benefit of the doubt and actively seeking to understand their perspectives.What you'll doApply statistical/econometric methods to estimate the incremental impact of changes in marketing and product strategy on brand-relevant KPIs like sentiment, awareness, and purchase intent - as well as on business outcomes like trips/orders and gross bookings.Build and improve technical tools for marketing problems. Examples include media mix models, statistical estimators to gauge the impact of various interventions (experimental or otherwise), optimization engines that determine how to best distribute resources, etc.Interface closely with external partners (media agencies, advertising platforms, measurement vendors) to deeply understand the existing capabilities and limitations of their platforms and solutions, and to push the envelope on what is possible.Collaborate with our in-house media, research, product, and operations teams to develop actionable customer insights and recommendations to guide high level business and marketing strategy.Basic QualificationsPh.D., M.S., or B.S. degree in Statistics, Computer Science, Applied Mathematics, Electrical Engineering, Economics, or other quantitative fields is preferred. (If M.S. degree, a minimum of 2+ years of industry experience required, if B.S. degree a minimum of 3+ years of industry experience required)Advanced skills in SQL, Python, and BI tools for data analysis/visualizationIn-depth understanding of and experience with experimental designPreferred QualificationsExperience with solving quantitative problems in the marketing/AdTech spacePhD in a quantitative field such as statistics, economics, or operations researchFor New York, NY-based roles: The base salary range for this role is USD$155,000 per year - USD$172,000 per year.You will be eligible to participate in Uber's bonus program, and may be offered an equity award &amp; other types of comp. You will also be eligible for various benefits. More details can be found at the following link https://www.uber.com/careers/benefits.Uber's mission is to reimagine the way the world moves for the better. Here, bold ideas create real-world impact, challenges drive growth, and speed fuels progress. What moves us, moves the world - let's move it forward, together.Uber is proud to be an Equal Opportunity employer. All qualified applicants will receive consideration for employment without regard to sex, gender identity, sexual orientation, race, color, religion, national origin, disability, protected Veteran status, age, or any other characteristic protected by law. We also consider qualified applicants regardless of criminal histories, consistent with legal requirements. If you have a disability or special need that requires accommodation, please let us know by completing this form.Offices continue to be central to collaboration and Uber's cultural identity. Unless formally approved to work fully remotely, Uber expects employees to spend at least half of their work time in their assigned office. For certain roles, such as those based at green-light hubs, employees are expected to be in-office for 100% of their time. Please speak with your recruiter to better understand in-office expectations for this role.",https://www.themuse.com/jobs/uber/applied-scientist-ii-brand-marketing,,,2025-11-14T20:33:02Z,19292796
Riot Games,Senior Data Scientist - Singapore Efficiency Team,Singapore,Data and Analytics; Senior Level,"At the Riot Singapore Efficiency team, we're driven by innovation and optimization. Our team harnesses the power of Machine Learning approaches and Artificial Intelligence to reimagine the way we build games. By leveraging cutting-edge technology, we aim to streamline development processes, enhance creative workflows, which finally deliver immersive experiences to players around the globe. Join us in pushing the boundaries of what's possible in game development and shaping the future of interactive entertainment. We are seeking a talented and experienced Data Scientist to join our AI team. As a Senior Data Scientist, you will play a key role in leveraging Machine Learning techniques to drive innovation and efficiency in our game development processes. You will collaborate closely with game teams to accelerate artists' pipelines, streamline workflows, and introduce novel tools aimed at enhancing player experiences. Responsibilities Collaborate on the development and implementation of Machine Learning models aimed at accelerating creative pipeline optimizations, enhancing processes such as content creation, iteration, and integration. Work closely with game designers, engineers, and artists to identify opportunities for applying Machine Learning techniques to streamline creative workflows, improve asset generation, and enhance overall efficiency in game development. Design and conduct experiments to validate models, measure their impact on creative pipeline optimizations, and drive continuous improvement. Stay abreast of the latest advancements in Machine Learning, and gaming technology, and proactively explore innovative approaches to enhancing creative pipeline efficiencies. Required Skills&nbsp; Master’s or Ph.D. degree in Computer Science, Statistics, Mathematics, or a related field, with a focus on Machine Learning, Data Science, or Artificial Intelligence. At least 3 years of extensive experience in applying Data Science techniques to real-world problems, with a proven track record of delivering impactful data science solutions in a fast-paced environment. Proficiency in programming languages such as Python, R, C, C++, C#, and experience with libraries and frameworks such as TensorFlow, PyTorch, or JAX. Strong understanding of statistical analysis, experimental design, and data visualization techniques. Experience working with Generative Models, such as Score-based Diffusion Models, Generative Adversarial Networks (GANs) or Variational Autoencoders (VAEs), to drive creative pipeline optimizations. Excellent communication skills, with the ability to effectively communicate complex technical concepts to non-technical stakeholders. Leadership experience, including mentoring junior team members, interns and driving cross-functional collaboration, is highly desirable. Desired Skills&nbsp; Experience working in the gaming industry or a related field is a plus. For this role, you'll find success through craft expertise, a collaborative spirit, and decision-making that prioritizes the delight of players. We will be looking at your past studies, experience, and your personal relationship with games. If you embody player empathy and care about players' experiences, this could be your role! Our Perks Full relocation support Full health insurance for you, your spouse and children Open paid time off Retirement benefits with company matching Life insurance, parental leave, plus short-term and long-term disability Play Fund so you can broaden and deepen your knowledge of our players and community through games We will double down on your donations of time and money to non-profits &nbsp;",https://www.themuse.com/jobs/riotgames/senior-data-scientist-singapore-efficiency-team,,,2025-09-28T23:30:07Z,17805536
UniFirst,Development Representative - Account Sales,"Rocky Mount, NC",Data and Analytics; Mid Level,"Customer Development Representative UniFirst is seeking a motivated, self-driven individual for a Customer Development Representative position to increase existing account sales in a dedicated market territory. As a Customer Development Representative, you will leverage warm relationships with existing customers to increase overall organic growth and profitability by selling additional products and services. A Career with UniFirst Offers:Training: With the most in-depth training platform in the industry, our employees get top quality skills training designed to enhance their performance and assist them with their career potential and advancement. Career Mobility: We’re a growing company offering significant avenues for personal development and growth, and providing for continued career progression. Some companies like to promote from within, we love to! Technology: UniFirst’s many cutting edge sales tools and innovative programs are designed with one purpose in mind – to help you succeed. Family Culture: Our unique family-like culture is what makes UniFirst an organization that stands out from the rest. Diversity: At UniFirst, you'll find an environment packed with different cultures, personalities, and backgrounds because we know it takes many kinds of people to make us successful.Responsibilities of the Customer Development Representative: Assist existing clients by identifying opportunities and leveraging their current partnership with UniFirst by offering additional services, products and solutions Work with the Customer Service team to develop strategies to further develop our market share Conduct presentation meetings with potential clients as needed Each Customer Development Representative will be responsible for achieving 80 activities per week, including 8 Facility Needs Analysis meetings, 3 presentations and 1 sale UniFirst offers the Benefits you need to excel as a Customer Development Representative: Competitive base salary Incentives based on monthly sales Uncapped monthly commissions Protected territory Industry-leading sales training Vehicle Mileage and cell phone reimbursement Cutting edge sales tools, including a data management device with CRM software Full range of benefits including 401k and profit sharing, health and life insurance, Employee Assistance Program (EAP), disability coverage, vacation, sick time, paid holidays, tuition reimbursement, 30% employee discounts, and moreQualificationsQualifications High school diploma Required; Bachelor’s or associate’s degree preferred Proficiency with Mobile Technology, Microsoft Office Suite, and CRM Outside business-to-business sales or route sales experience preferred Individuals who drive their personal vehicles for business purposes will be required to comply with minimum auto insurance requirements per UniFirst's standards Company Overview:UniFirst is an international leader in the $18 billion dollar garment services industry. We currently employ 13,000 team partners who serve 300,000 business customer locations throughout the U.S., Canada, and Europe. We were included in the top 10 of Selling Power magazine’s “Best Companies to Sell For” list and recognized on Forbes magazine’s “Platinum 400 – Best Big Companies” list. As an 80-year old company focused on annual growth, there’s never been a better time to join our outside sales team. &nbsp; &nbsp; UniFirst is an equal opportunity employer. We do not discriminate in hiring or employment against any individual on the basis of race, color, gender, national origin, ancestry, religion, physical or mental disability, age, veteran status, sexual orientation, gender identity or expression, marital status, pregnancy, citizenship, or any other factor protected by anti-discrimination laws &nbsp;",https://www.themuse.com/jobs/unifirst/development-representative-account-sales-4ccb71,,,2025-05-13T03:47:01Z,18639030
Vi Living,IT/AV Support Coordinator,"San Jose, CA",Computer and IT; Mid Level,"Overview: Vi is recognized as a Great Place to Work and one of Glassdoor's 100 Best Companies to work for. Learn from the best and accelerate your career with Vi.What We Offer: Competitive payExceptional benefitsGenerous Paid Time Off - start accruing on day one401k with company matchPaid maternity and paternity benefitsAward-winning training and developmentTuition ReimbursementLuxury work environmentMeaningful and rewarding work&nbsp;Vi at Palo Alto is located at 620 Sand Hill Road, Palo Alto CA 94304 Responsibilities: The Community Technology Support Coordinator provides technical support for residents and staff in using computer hardware and software based on self-direction and prioritization of various community needs. This role also supports community-based technologies such as A/V in the building. Duties are as follows:&nbsp;Resident Technology SupportServes as the first point of contact for residents seeking technical assistance on a scheduled basis. Maintains hours of operations and schedule.Assists residents with set up, training and troubleshooting on personal devices including, but not limited to smart phones, tablets/iPads, computer, home Wi-Fi, and voice assistant devices.Provides education, training and support on technology applications and platforms such as email, Touchtown, work order requests, reservations, virtual communication, cyber security, etc.Prepares, schedules, and conducts resident technology education, training, webinars and seminars, both in-person and virtual settings.Manages and coordinates other resident technology support resources as needed.Captures various data metrics including usage and satisfaction to determine effectiveness of scheduling and responding to resident technology support requests.Staff Technology SupportServes as the onsite point of escalation for staff technology support tickets coming from the IT helpdesk or corporate IT support staff.Assists community staff with hardware and software-related technology troubleshooting including, but not limited to, PC and peripherals, mobile device, and business applications.Addresses support requests/tickets in a timely and customer-friendly manner.Logs and fully documents support requests in the help desk ticket system; updates daily status of support tickets.In emergency situations, serves as first-point-of-contact and corporate liaison.Captures various data metrics including usage and satisfaction to determine effectiveness of scheduling and responding to staff technology support requests. Participates in regular status calls and reviewing reports, working with Corporate IT Support Manager.&nbsp;Community Technology SupportSupports various technologies in community spaces such as the Theatre, Multi-purpose room, Computer Center. Technology examples include A/V, In-house channel, Digital Signage.Serves as point of contact for various corporate technology projects and initiatives. Qualifications: Key Competencies:Strong technical proficiency and excellent working knowledge of various computer hardware technologies, software applications, mobile devices, and other technology products including audio visual (A/V) systems.Ability to schedule, self-manage and prioritize requests from residents and staff.Ability to quickly learn and utilize new technologies.Excellent troubleshooting, break/fix skills.&nbsp; Persistence and follow-through required.Outstanding customer service skills, especially with older adults.Excellent verbal and written communication skills, along with effective listening. Strong people skills required for relationship building.Ability to effectively create and teach in-person classroom and virtual training (in collaboration/partnership with Lifestyle team leaders).Demonstrated ability to manage multiple, parallel assignments with accountability for timely delivery results.&nbsp; Ability to multi-task projects and assignments in a timely manner.Education and Experience:&nbsp;Education: Associate’s or Bachelor’s degree in Computer Science, Information Technology, or related technology field is preferred.Work Experience: &nbsp;Minimum 1 year of user support and training experience is required.A solid working knowledge of computer hardware, software, and peripherals including installation, configuration, maintenance and support is required.Licensure / Certification: Microsoft, A+ or other technology certifications preferred. Pay Range: USD $33.01 - USD $41.27 /Hr.",https://www.themuse.com/jobs/viliving/itav-support-coordinator-f94a4d,,,2025-04-10T03:50:00Z,18471748
Riot Games,"Senior VFX Artist - VALORANT, Expressions","Bellevue, WA",Data and Analytics; Senior Level,"As a Senior Real-Time VFX artist, you will work closely with a team of artists and designers to deliver high quality premium content skin experiences. With your experience, you’ll create aesthetically astounding visual effects that wow and delight our fans adding richness and excitement to the games experience.&nbsp; As a Senior VFX Artist on Valorant, we need your help with VFX implementation that clearly communicates the action, impact, and tonal experience. You will report to the VFX Lead, and collaborate with the Premium Content VFX team and your partners across the art team. You'll also work collaboratively with engineers and producers, and together will deliver the world's best tactical first person shooter experience. Responsibilities: Employ both 2D and 3D workflows to implement with a refined sense of style Balance visual satisfaction and gameplay clarity that communicate essential game information Create aesthetically astounding visual effects Use your craft skills to draw, paint, animate and model with equal proficiency as-needed&nbsp; Find creative solutions to eliminate difficult problems in production and as-needed Provide as-needed support of all aspects of VFX process; from set-up through production and troubleshooting Required Qualifications: 5+ years professional experience in senior art roles in the game industry 3+ years professional experience working within Unreal Engine as a VFX artist Desired Qualifications: Photoshop and Maya Unreal Engine 5 experience working with Blueprints and Materials Experience with stylized art direction 1 shipped mobile or AAA game title Flipbooking techniques As a part of the application process, you will be asked to provide a portfolio or demo reel of their work and may be asked to complete an art test. For this role, you'll find success through craft expertise and a collaborative spirit that prioritizes the delight of players. We will look at your past studies and experience, but for this role, we also look for dedicated people with a personal relationship with games. If you embody player empathy and care about players' experiences, this is the role for you! &nbsp; Our Perks: Riot has a focus on work/life balance, shown by our open paid time off policy, in addition to other perks such as flexible work schedules. We offer medical, dental, and life insurance, parental leave for you, your spouse/domestic partner and children, and a 401k with company match. Check out our benefits pages for more information. At Riot Games, we&nbsp;put players first. That mission drives every decision in our quest to create games and experiences that make it better to be a player. Whether you’re working directly on a new player-facing experience or you’re supporting the company as a whole, everyone at Riot is part of our mission. And just like in our games, we’re better when we work together. Our goal is to create collaborative teams where you are empowered to bring your unique perspective everyday. If that sounds like the kind of place you want to work, we’re looking forward to your application. &nbsp; It’s our policy to provide equal employment opportunity for all applicants and members of Riot Games, Inc. Riot Games makes reasonable accommodations for handicapped and disabled Rioters and does not unlawfully discriminate on the basis of race, color, religion, sex, sexual orientation, gender identity or expression, national origin, age, handicap, veteran status, marital status, criminal history, or any other category protected by applicable federal and state law. We consider for employment all qualified applicants, including those with criminal histories, in a manner consistent with applicable federal, state and local law, including the California Fair Chance Act, the City of Los Angeles Fair Chance Initiative for Hiring Ordinance, the Los Angeles County Fair Chance Ordinance for Employers, the San&nbsp;Francisco Fair Chance Ordinance, and the Washington Fair Chance Act. Per the Los Angeles County Fair Chance Ordinance, the following core duties may create a basis for disqualifying candidates with relevant criminal histories: Safeguarding confidential and sensitive Company data Communication with others, including Rioters and third parties such as vendors, and/or players, including minors Accessing Company assets, secure digital systems, and networks Ensuring a safe interactive environment for players and other Rioters These duties are directly related to essential operations, safety, trust, and compliance obligations within our organization. Please note that job duties may evolve based on business needs and additional responsibilities may be assigned as necessary to maintain operational efficiency and security.&nbsp;",https://www.themuse.com/jobs/riotgames/senior-vfx-artist-valorant-expressions,,,2025-11-03T18:30:34Z,19095903
Lyft,Drivers Needed in Milwaukee,"Milwaukee, WI",Software Engineering; Senior Level,"Get a maximum of $400 in bonuses in Milwaukee.Earn $100 for every 10 rides in 7 days (limit 4). New drivers only. Terms apply.We're looking for new drivers. Lyft's Women+ Connect feature offers more choice, opportunity, and peace of mind for women and nonbinary drivers. We're making Lyft better for everyone.Sign up today and all drivers of any gender are eligible to receive our new driver offer.What is Lyft? Lyft is a flexible earning opportunity and a platform that connects drivers with individuals that need rides. Driving with Lyft is the perfect way to earn money on any schedule and is a great alternative to part-time, full-time and seasonal opportunities. Drivers can cash out any time with Express Pay. Drivers enjoy flexibility with no hourly requirement.Why Lyft?Boost Your Earnings: With Upfront Pay you can view the fare for a ride before you accept it, giving you more control of your earnings. Plus, you keep 100% of your tips.Peace of Mind: In addition to a suite of products designed to make driving more comfortable, Women and nonbinary drivers can turn on Women+ Connect to increase their chances of matching with more women and nonbinary riders, offering more control over their driving experience Be Your Own Boss: Set your own schedule and keep control over when you drive and earnOur VisionMaking Rideshare Better: Diverse communities are stronger, more interesting communities. Making Lyft better for everyoneCommunity Connections: Good vibes. Conversations that turn into friendships. Comfortable silence. Our Women+ Connect is here to improve the ride experience for all drivers and ridersDriver RequirementsYou're at least 25 years old You own an iPhone or Android smartphone You have a clean driving record and auto insurance You have a 4-door from 2008 or newer Car year may vary by regionDoes not apply if you are renting a car through Express Drive programAdditional information You might consider driving with Lyft to earn extra money, driving with Lyft is a great way to supplement your part time or full time income. Driving can be a great summer gig for teachers, or for anyone looking for seasonal or summer work. No experience is needed, but you may be a great fit if you have experience in the public or private transportation industry such as a delivery driver, professional driver, chauffeur, luxury driver, truck driver, school bus driver, taxi driver or cab driver.",https://www.themuse.com/jobs/lyft/drivers-needed-in-milwaukee-9f9ec2,,,2025-08-27T13:55:41Z,18646114
Lyft,Drive with Lyft - Features made for women + enby drivers,"Wichita, KS",Software Engineering; Senior Level,"Get a maximum of $400 in bonuses in Wichita.Earn $100 for every 10 rides in 7 days (limit 4). New drivers only. Terms apply.We're looking for new drivers. Lyft's Women+ Connect feature offers more choice, opportunity, and peace of mind for women and nonbinary drivers. We're making Lyft better for everyone.Sign up today and all drivers of any gender are eligible to receive our new driver offer.What is Lyft? Lyft is a flexible earning opportunity and a platform that connects drivers with individuals that need rides. Driving with Lyft is the perfect way to earn money on any schedule and is a great alternative to part-time, full-time and seasonal opportunities. Drivers can cash out any time with Express Pay. Drivers enjoy flexibility with no hourly requirement.Why Lyft?Boost Your Earnings: With Upfront Pay you can view the fare for a ride before you accept it, giving you more control of your earnings. Plus, you keep 100% of your tips.Peace of Mind: In addition to a suite of products designed to make driving more comfortable, Women and nonbinary drivers can turn on Women+ Connect to increase their chances of matching with more women and nonbinary riders, offering more control over their driving experience Be Your Own Boss: Set your own schedule and keep control over when you drive and earnOur VisionMaking Rideshare Better: Diverse communities are stronger, more interesting communities. Making Lyft better for everyoneCommunity Connections: Good vibes. Conversations that turn into friendships. Comfortable silence. Our Women+ Connect is here to improve the ride experience for all drivers and ridersDriver RequirementsYou're at least 25 years old You own an iPhone or Android smartphone You have a clean driving record and auto insurance You have a 4-door from 2008 or newer Car year may vary by regionDoes not apply if you are renting a car through Express Drive programAdditional information You might consider driving with Lyft to earn extra money, driving with Lyft is a great way to supplement your part time or full time income. Driving can be a great summer gig for teachers, or for anyone looking for seasonal or summer work. No experience is needed, but you may be a great fit if you have experience in the public or private transportation industry such as a delivery driver, professional driver, chauffeur, luxury driver, truck driver, school bus driver, taxi driver or cab driver.",https://www.themuse.com/jobs/lyft/drive-with-lyft-features-made-for-women-enby-drivers-463146,,,2025-08-27T13:55:41Z,18693499
G&W Electric,Welding Engineer,"Chicago, IL",Science and Engineering; Mid Level,"Welding Engineer The Welding Engineer will be responsible for driving innovation and ensuring excellence in welding processes, creating comprehensive work instructions, driving process improvements, designing and implementing welding fixtures, and ensuring quality standards are met throughout the welding processes. This role requires a blend of technical expertise, innovation, and hands-on experience to enhance productivity and ensure the highest quality in welding operations working closely with cross-functional teams to achieve operational excellence. As a Welding Engineer you will: Work Instructions Development: Develop detailed and clear standards and work instructions for welding processes, ensuring alignment with production goals, safety standards, and quality requirements. Provide training and technical guidance to production staff on welding techniques and procedures. Process Improvement: Analyze current welding processes and identify opportunities for efficiency improvements and cost reductions. Propose and implement KPI to measure and improve welding performances Implement best practices and new technologies to enhance welding performance productivity and reduce defects. Collaborate with cross-functional teams to streamline workflow and optimize production operations. Fixture Design &amp; Implementation: Design, develop, and implement custom welding fixtures and jigs to improve process consistency and efficiency. Coordinate with engineering and production teams to ensure fixtures meet operational requirements. Conduct testing and validation of fixtures to ensure proper functionality. Quality Assurance: Establish and maintain quality control processes for welding operations, ensuring adherence to specifications and standards (e.g., AWS, ISO). Investigate welding defects and implement corrective and preventive actions. Prepare and review documentation, including inspection reports and weld procedure specifications (WPS). Collaboration and Documentation: Work closely with engineering, production, and quality teams to ensure smooth communication and project execution. Maintain accurate records of welding processes, updates, and improvements. We are looking for someone who: Holds a Bachelor's degree in Welding Engineering, Mechanical Engineering, or a related field. Has proven experience as a Welding Engineer or similar role in a manufacturing or industrial environment. Possesses strong knowledge of welding processes (e.g., MIG, TIG, SMAW, FCAW) and materials (e.g., metals, alloys). Has proficiency in CAD software for fixture design and layout. Has familiarity with welding standards and codes (e.g., AWS, ASME, ISO). Possesses Excellent problem-solving skills and a detail-oriented approach. Has strong communication and teamwork skills, with the ability to collaborate across departments. Ideally you will also have: Certification as a Welding Inspector (CWI) or Welding Engineer. Experience with automation and robotic welding systems. Knowledge of Lean Manufacturing and Six Sigma methodologies. The Physical Demands / Working Conditions are: Combination of office, production floor, and testing areas. May involve occasional lifting and exposure to welding environments. Flexibility to travel, if required What we offer you: Typical pay is $80,000 - 110,000 annually. Please note the pay information shown above is a general guideline. Pay is based upon candidate skills, experience, and qualifications. This position is eligible for participation in our Quarterly Incentive Pay Program G&amp;W Electric offers a comprehensive benefits package that includes: Medical, Dental and Vision Insurance Short and Long-Term Disability Life Insurance Health club membership program and reimbursement Employee Assistance Program Tuition Reimbursement 401 (k) Annual Profit Sharing Vacation Air-conditioned/heated state-of-the-art manufacturing facility About G&amp;W Electric Innovating since 1905, G&amp;W Electric has grown into a global leader in engineered electrical power grid solutions. Working with us means joining a worldwide team of passionate manufacturing professionals striving to continually improve the technologies the world depends on to deliver safe, reliable electricity. Our culture is focused on employee success, so we foster an entrepreneurial environment that encourages everyone to thrive. Learn more about our company by watching this video: https://www.youtube.com/watch?v=DMtAhsdYeUQ G&amp;W Electric enjoys a long reputation for product quality, innovation and world-class customer service to the power industry. We have established this reputation by believing that our greatest asset is our employees. We owe our success to the initiative and talents of highly skilled individuals within our team-based organization. Our goal is to set the standard for customer satisfaction by ensuring a superior level of service, performance and innovation. As a global organization and industry leader, we are committed to cultivating an engaging work environment that embraces our core values and develops our talent. Our continuous focus on growth and innovation means that you become part of a company that provides challenging opportunities, rewards excellence and combines your individual expertise to achieve a higher level of shared success. As part of our organization, you also help power the world! G&amp;W Electric is proud to be an Equal Opportunity Employer. All employees and applicants will receive consideration for employment without regard to age, color, disability, gender, national origin, race, religion, sexual orientation, gender identity, protected veteran status, or any other classification protected by federal, state, or local law. G&amp;W Electric participates in the E-Verify process for all new hires. *G&amp;W Electric participates in the E-Verify process for all new hires. VEVRAA Federal Contractor",https://www.themuse.com/jobs/gwelectric/welding-engineer-9648d7,,,2025-04-17T11:42:16Z,18288515
DoorDash,"Software Engineer II, Data Engineering","San Francisco, CA",Data and Analytics; Mid Level,"About the TeamData is at the foundation of DoorDash success. The Data Engineering team builds database solutions for various use cases including reporting, product analytics, marketing optimization and financial reporting. By implementing pipelines, data structures, and data warehouse architectures; this team serves as the foundation for decision-making at DoorDash.About the RoleDoorDash is looking for a Softare Engineer II to be a technical powerhouse to help us scale our data infrastructure, automation and tools to meet growing business needs.You're excited about this opportunity because you will...Work with business partners and stakeholders to understand data requirementsWork with engineering, product teams and 3rd parties to collect required dataDesign, develop and implement large scale, high volume, high performance data models and pipelines for Data Lake and Data WarehouseDevelop and implement data quality checks, conduct QA and implement monitoring routinesImprove the reliability and scalability of our ETL processesManage a portfolio of data products that deliver high-quality, trustworthy dataHelp onboard and support other engineers as they join the teamWe're excited about you because...3+ years of professional experience working in data engineering, business intelligence, or a similar roleProficiency in programming languages such as Python/Java3+ years of experience in ETL orchestration and workflow management tools like Airflow, Flink, Oozie and Azkaban using AWS/GCPExpert in Database fundamentals, SQL and distributed computing3+ years of experience with the Distributed data/similar ecosystem (Spark, Hive, Druid, Presto) and streaming technologies such as Kafka/Flink.Experience working with Snowflake, Redshift, PostgreSQL and/or other DBMS platformsExcellent communication skills and experience working with technical and non-technical teamsKnowledge of reporting tools such as Tableau, Superset and LookerComfortable working in fast paced environment, self starter and self organizingAbility to think strategically, analyze and interpret market and consumer informationYou must be located near one of our engineering hubs indicated aboveWe use Covey as part of our hiring and / or promotional process for jobs in NYC and certain features may qualify it as an AEDT. As part of the evaluation process we provide Covey with job requirements and candidate submitted applications. We began using Covey Scout for Inbound on August 21, 2023.Please see the independent bias audit report covering our use of Covey here.CompensationThe successful candidate's starting pay will fall within the pay range listed below and is determined based on job-related factors including, but not limited to, skills, experience, qualifications, work location, and market conditions. Base salary is localized according to an employee's work location. Ranges are market-dependent and may be modified in the future.In addition to base salary, the compensation for this role includes opportunities for equity grants. Talk to your recruiter for more information.DoorDash cares about you and your overall well-being. That's why we offer a comprehensive benefits package to all regular employees, which includes a 401(k) plan with employer matching, 16 weeks of paid parental leave, wellness benefits, commuter benefits match, paid time off and paid sick leave in compliance with applicable laws (e.g. Colorado Healthy Families and Workplaces Act). DoorDash also offers medical, dental, and vision benefits, 11 paid holidays, disability and basic life insurance, family-forming assistance, and a mental health program, among others.To learn more about our benefits, visit our careers page here.See below for paid time off details:For salaried roles: flexible paid time off/vacation, plus 80 hours of paid sick time per year.For hourly roles: vacation accrued at about 1 hour for every 25.97 hours worked (e.g. about 6.7 hours/month if working 40 hours/week; about 3.4 hours/month if working 20 hours/week), and paid sick time accrued at 1 hour for every 30 hours worked (e.g. about 5.8 hours/month if working 40 hours/week; about 2.9 hours/month if working 20 hours/week).The national base pay ranges for this position within the United States, including Illinois and Colorado.I4$130,600-$192,000 USDI5$159,800-$235,000 USDI6$193,800-$285,000 USDAbout DoorDashAt DoorDash, our mission to empower local economies shapes how our team members move quickly, learn, and reiterate in order to make impactful decisions that display empathy for our range of users-from Dashers to merchant partners to consumers. We are a technology and logistics company that started with door-to-door delivery, and we are looking for team members who can help us go from a company that is known for delivering food to a company that people turn to for any and all goods. DoorDash is growing rapidly and changing constantly, which gives our team members the opportunity to share their unique perspectives, solve new challenges, and own their careers. We're committed to supporting employees' happiness, healthiness, and overall well-being by providing comprehensive benefits and perks including premium healthcare, wellness expense reimbursement, paid parental leave and more.Our Commitment to Diversity and InclusionWe're committed to growing and empowering a more inclusive community within our company, industry, and cities. That's why we hire and cultivate diverse teams of people from all backgrounds, experiences, and perspectives. We believe that true innovation happens when everyone has room at the table and the tools, resources, and opportunity to excel.Statement of Non-Discrimination: In keeping with our beliefs and goals, no employee or applicant will face discrimination or harassment based on: race, color, ancestry, national origin, religion, age, gender, marital/domestic partner status, sexual orientation, gender identity or expression, disability status, or veteran status. Above and beyond discrimination and harassment based on ""protected categories,"" we also strive to prevent other subtler forms of inappropriate behavior (i.e., stereotyping) from ever gaining a foothold in our office. Whether blatant or hidden, barriers to success have no place at DoorDash. We value a diverse workforce - people who identify as women, non-binary or gender non-conforming, LGBTQIA+, American Indian or Native Alaskan, Black or African American, Hispanic or Latinx, Native Hawaiian or Other Pacific Islander, differently-abled, caretakers and parents, and veterans are strongly encouraged to apply. Thank you to the Level Playing Field Institute for this statement of non-discrimination.Pursuant to the San Francisco Fair Chance Ordinance, Los Angeles Fair Chance Initiative for Hiring Ordinance, and any other state or local hiring regulations, we will consider for employment any qualified applicant, including those with arrest and conviction records, in a manner consistent with the applicable regulation.If you need any accommodations, please inform your recruiting contact upon initial connection.",https://www.themuse.com/jobs/doordash/software-engineer-ii-data-engineering-63cbec,,,2025-12-05T19:23:18Z,17374091
Lyft,"Drivers wanted - Great alternative to part-time, full-time and seasonal work","Indianapolis, IN",Software Engineering; Senior Level,"Get a maximum of $400 in bonuses in Indianapolis.Earn $100 for every 10 rides in 7 days (limit 4). New drivers only. Terms apply.We're looking for new drivers. Lyft's Women+ Connect feature offers more choice, opportunity, and peace of mind for women and nonbinary drivers. We're making Lyft better for everyone.Sign up today and all drivers of any gender are eligible to receive our new driver offer.What is Lyft? Lyft is a flexible earning opportunity and a platform that connects drivers with individuals that need rides. Driving with Lyft is the perfect way to earn money on any schedule and is a great alternative to part-time, full-time and seasonal opportunities. Drivers can cash out any time with Express Pay. Drivers enjoy flexibility with no hourly requirement.Why Lyft?Boost Your Earnings: With Upfront Pay you can view the fare for a ride before you accept it, giving you more control of your earnings. Plus, you keep 100% of your tips.Peace of Mind: In addition to a suite of products designed to make driving more comfortable, Women and nonbinary drivers can turn on Women+ Connect to increase their chances of matching with more women and nonbinary riders, offering more control over their driving experience Be Your Own Boss: Set your own schedule and keep control over when you drive and earnOur VisionMaking Rideshare Better: Diverse communities are stronger, more interesting communities. Making Lyft better for everyoneCommunity Connections: Good vibes. Conversations that turn into friendships. Comfortable silence. Our Women+ Connect is here to improve the ride experience for all drivers and ridersDriver RequirementsYou're at least 25 years old You own an iPhone or Android smartphone You have a clean driving record and auto insurance You have a 4-door from 2008 or newer Car year may vary by regionDoes not apply if you are renting a car through Express Drive programAdditional information You might consider driving with Lyft to earn extra money, driving with Lyft is a great way to supplement your part time or full time income. Driving can be a great summer gig for teachers, or for anyone looking for seasonal or summer work. No experience is needed, but you may be a great fit if you have experience in the public or private transportation industry such as a delivery driver, professional driver, chauffeur, luxury driver, truck driver, school bus driver, taxi driver or cab driver.",https://www.themuse.com/jobs/lyft/drivers-wanted-great-alternative-to-parttime-fulltime-and-seasonal-work-c779c5,,,2025-08-27T13:55:40Z,18674408
"Uline, Inc.",Senior Analyst - Operations,"Silver Lake, WI",Data and Analytics; Senior Level,"Senior Analyst - OperationsPay from $80,000 to $125,000 per yearCorporate Headquarters12575 Uline Drive,&nbsp;Pleasant Prairie, WI 53158Identify. Interpret. Innovate. Are you a data-driven problem solver who enjoys transforming data into strategic insights? Join Uline as a Senior Operations Analyst, partnering with leadership to support business decisions for our growing company!Careers Packed with Potential. Backed by 45+ years of success, Uline offers opportunities to grow your career with stability you can count on.Position Responsibilities Review operational data to uncover trends and present actionable recommendations to Uline’s President.Collaborate with cross-functional teams to identify opportunities for business process improvement.Act as a liaison between Uline's President and internal departments.Support critical projects and ensure alignment with business objectives.Recommend cost-saving initiatives and help with implementation.Minimum RequirementsBachelor's degree. MBA preferred.At least 5 years of relevant experience.Proficient in SQL and Excel.Strong communication and organizational skills and with excellent attention to detail.BenefitsComplete health insurance coverage and 401(k) with 6% employer match that starts day one!Multiple bonus programs.Paid holidays and generous paid time off.Tuition Assistance Program that covers professional continuing education.Employee PerksOn-site café and first-class fitness center with complimentary personal trainers.Over four miles of beautifully maintained walking trails.About UlineUline, a family-owned company, is North America’s leading distributor of shipping, industrial, and packaging materials with over 9,000 employees across 14 locations.Uline is a&nbsp;drug-free workplace. All positions are on-site.EEO/AA&nbsp;Employer/Vet/Disabled#LI-CB2#CORP(#IN-PPANA)",https://www.themuse.com/jobs/ulineinc/senior-analyst-operations-ac7e6c,,,2025-07-21T03:52:54Z,19309467
Cox Automotive,Senior Cybersecurity Engineer - Continuous Control Monitoring,"Decatur, GA",Software Engineering; Senior Level,"The Senior Cybersecurity Engineer will be responsible for the development of a platform that will continuously monitor and report on the state of Cox Automotive's critical cyber controls. The scope of this role is Cox Automotive wide and includes both enterprise and product technologies as well as both domestic and international business units.This role will directly report to the Director of Continuous Control Monitoring. Responsibilities: Design and build consumable and audience appropriate reporting of the state of critical cyber controls for consumption by engineering teams, engineering team managers and directors, cybersecurity leaders, and senior technology and business leaders. Build and maintain data model that supports overall critical cybersecurity objectives and priorities. Participate in requirements, backlog management and design discussions. Construct complex database queries and create engaging dashboards and visualizations that support data aggregation and reporting on actionable insights. Partner with stakeholders to understand the problem at hand, help generate hypothesis and problem formulation and the selection of an appropriate methodology to solve the problem. Support user acceptance testing to ensure high-level data availability and data quality. Develop a training program to ensure ongoing education of continuous control monitoring resources. Minimum Qualifications: Bachelor's degree in a related discipline and 4 years' experience in a related field. The right candidate could also have a different combination, such as a master's degree and 2 years' experience; a Ph.D. and 1 years' experience in a related field; or 8 years' experience in a related field. Excellent interpersonal, leadership, presentation, and collaborative skills to work effectively with teams throughout organization. Strong ability to interpret data and develop actionable data-based visualizations to ""tell the story"". Strong knowledge and experience in data analysis and data visualization. Strong programming skills and ability to utilize a variety of data, analytic software, languages and tools (SQL, Python, Power BI, GitHub, Snowflake, etc.). Demonstrated track record of both project and operational delivery. Preferred Qualifications: Demonstrated knowledge and expertise in governance, risk management, and cybersecurity frameworks and standards (e.g., NIST, ISO, CIS, OWASP). At least one relevant industry certification - CISSP, SANS GIAC, C|EH, CISM, CRISC, CISA. USD 99,000.00 - 165,000.00 per yearCompensation:Compensation includes a base salary of $99,000.00 - $165,000.00. The base salary may vary within the anticipated base pay range based on factors such as the ultimate location of the position and the selected candidate's knowledge, skills, and abilities. Position may be eligible for additional compensation that may include an incentive program.Benefits:The Company offers eligible employees the flexibility to take as much vacation with pay as they deem consistent with their duties, the company's needs, and its obligations; seven paid holidays throughout the calendar year; and up to 160 hours of paid wellness annually for their own wellness or that of family members. Employees are also eligible for additional paid time off in the form of bereavement leave, time off to vote, jury duty leave, volunteer time off, military leave, and parental leave.About Cox AutomotiveAt Cox Automotive, people of every background are driven by their passion for mobility, innovation and community. We transform the way the world buys, sells, owns and uses cars, accelerating the industry with global powerhouse brands like Autotrader, Kelley Blue Book, Manheim and more. What's more, we do it all with an emphasis on employee growth and happiness. Drive your future forward and join Cox Automotive today!About CoxCox empowers employees to build a better future and has been doing so for over 120 years. With exciting investments and innovations across transportation, communications, cleantech and healthcare, our family of businesses - which includes Cox Automotive and Cox Communications - is forging a better future for us all. Ready to make your mark? Join us today!Benefits of working at Cox may include health care insurance (medical, dental, vision), retirement planning (401(k)), and paid days off (sick leave, parental leave, flexible vacation/wellness days, and/or PTO). For more details on what benefits you may be offered, visit our benefits page .Cox is an Equal Employment Opportunity employer - All qualified applicants/employees will receive consideration for employment without regard to that individual's age, race, color, religion or creed, national origin or ancestry, sex (including pregnancy), sexual orientation, gender, gender identity, physical or mental disability, veteran status, genetic information, ethnicity, citizenship, or any other characteristic protected by law. Cox provides reasonable accommodations when requested by a qualified applicant or employee with disability, unless such accommodations would cause an undue hardship.Statement to ALL Third-Party Agencies and Similar Organizations: Cox accepts resumes only from agencies with which we formally engage their services. Please do not forward resumes to our applicant tracking system, Cox employees, Cox hiring manager, or send to any Cox facility. Cox is not responsible for any fees or charges associated with unsolicited resumes.",https://www.themuse.com/jobs/coxautomotive/senior-cybersecurity-engineer-continuous-control-monitoring-d60058,,,2025-04-17T23:37:38Z,17761006
DoorDash,"Representante Senior de Atención al Cliente, Bilingüe","Mexico City, Mexico",Software Engineering; Senior Level,"Sobre el equipoComo uno de los equipos operativos clave de DoorDash, Experiencia del Cliente y Operaciones de Soporte garantiza que, cuando surjan inconvenientes en la trayectoria final, siempre haya alguien disponible para solucionarlos. Nuestro equipo diseña y gestiona una creciente red global de centros de soporte para ofrecer la mejor experiencia posible a nuestros clientes, con el objetivo final de brindar un servicio excepcional de manera confiable.Sobre el puestoEstamos en búsqueda de un Representante de Experiencia para Comerciantes Senior que trabaje en estrecha colaboración con nuestros comerciantes de alto valor dentro de una cartera asignada, ayudándolos a resolver sus problemas más urgentes y mejorando su experiencia en la plataforma de DoorDash mientras seguimos expandiendo nuestra red de logística.Como Representante de Experiencia para Comerciantes Senior desempeñará un papel crucial dentro del equipo de soporte a comerciantes, proporcionando un punto de contacto directo para todas sus necesidades de asistencia y garantizando su éxito en la plataforma de DoorDash. Construirás relaciones duraderas con los comerciantes a través de un excelente servicio al cliente y una resolución estratégica de problemas. Además, colaborarás con los dueños de cuentas y serás su contacto de soporte dentro de una cartera asignada. Formarás parte de un nuevo programa que busca posicionar el soporte como un factor diferenciador en el mercado mediante un servicio de alta calidad y atención personalizada.Aspectos Destacados del PuestoPosición de tiempo completoPago semanal (todos los viernes)Contrato directo con DoorDashCompensación y BonosSueldo base: $18,000 MXN mensuales (brutos)Bono de bienestar mensual: $1,000 MXNVales de despensa mensuales: $1,000 MXNBono por desempeño: Hasta $5,000 MXNBeneficios AdicionalesDías personales pagados, además de los días de vacaciones por leyEquipo de trabajo para home office proporcionadoSeguro de vidaAguinaldo: 15 díasFondo de ahorro: 10%Seguridad Social y Cobertura MédicaIMSSServicio de ambulancia: 5 eventos gratuitosAsistencia médica a domicilio: 2 eventos gratuitos, servicios posteriores con tarifas preferencialesOrientación médica 24/7: Consultas telefónicas gratuitas todo el añoAsistencia psicológica: Primera consulta gratuita, tarifas preferenciales en sesiones adicionalesAsesoramiento nutricional ilimitado: Disponible de lunes a sábado, de 9:00 AM a 9:00 PMServicio de enfermería a domicilioPrograma de atención dental y visualTe entusiasmará esta oportunidad porque podrás...Colaborar y resolver problemas clave para comerciantes dentro de una cartera asignada, incluyendo, entre otros, temas de pagos, problemas con el portal, actualizaciones de menú y otros asuntos de soporte avanzado.Construir relaciones estratégicas con los comerciantes, siendo su principal punto de contacto y experto en soporte para sus operaciones, especialmente aquellos con alto volumen de ingresos.Fomentar la retención y el éxito de los comerciantes a través de un servicio excepcional y una asistencia proactiva mediante llamadas telefónicas, correos electrónicos o videollamadas por Zoom.Priorizar y escalar problemas en colaboración con nuestros equipos internos para garantizar una resolución eficiente.Desarrollar un profundo conocimiento de los sistemas y recursos de DoorDash y utilizarlos estratégicamente para generar resultados positivos para nuestros comerciantes.Desarrollar un profundo conocimiento de los sistemas y recursos de DoorDash y utilizarlos estratégicamente para generar resultados positivos para nuestros comerciantes.Nos entusiasma conocerte porque...Cuentas con al menos 3 años de experiencia en gestión de cuentas, atención al cliente, hospitalidad o un campo relacionado todo en inglés.Tienes un nivel de inglés B2 o superior comprobado (escrito, leído y hablado)Preparatoria concluida o GED. Licenciatura deseable es un plus.Posees conocimientos en Salesforce (o algún otro CRM), con la capacidad de visualizar e interpretar dashboards.Tienes manejo básico de Microsoft Suite y G Suite.Posees conocimientos básicos de Excel, incluyendo herramientas y funciones de formato.Tienes experiencia en SQL (deseable, pero no obligatorio).Has brindado asesoría y soporte estratégico a clientes, tanto de forma proactiva como reactiva. (En ingles).Has abogado por la experiencia del cliente dentro de un equipo o iniciativa.Eres experto en la construcción de relaciones estratégicas.Tienes habilidades sobresalientes para establecer prioridades y gestionar tareas de manera efectiva.Eres creativo y disfrutas buscando oportunidades para mejorar procesos.Por qué te encantará trabajar en DoorDash......Somos líderes - El liderazgo no se limita a nuestro equipo de gestión; en DoorDash, todos tienen la oportunidad de liderar e impulsar el cambio.Somos hacedores - Creemos que la mejor manera de predecir el futuro es creándolo. Desarrollamos soluciones innovadoras que posicionan a nuestra empresa y a nuestra industria a la vanguardia, en cada proyecto y cada día.Somos aprendices - No tememos enfrentar desafíos ni descubrir la verdad, por difícil que sea. En DoorDash, todos estamos en constante aprendizaje, sin importar si llevamos un minuto o un año en nuestro rol.Nos obsesiona el cliente - Nuestra misión es fortalecer las economías locales. Estamos comprometidos con nuestros clientes, comerciantes y dashers, conectándolos con nuevas oportunidades.Todos somos DoorDash - El mayor valor de nuestra empresa es nuestra gente. Juntos, convertimos nuestras metas en realidades y nos impulsamos hacia nuevos horizontes. Ofrecemos paquetes de compensación superiores y beneficios de salud integrales.Notice to Applicants for Jobs Located in NYC or Remote Jobs Associated With Office in NYC OnlyWe use Covey as part of our hiring and/or promotional process for jobs in NYC and certain features may qualify it as an AEDT in NYC. As part of the hiring and/or promotion process, we provide Covey with job requirements and candidate submitted applications. We began using Covey Scout for Inbound from August 21, 2023, through December 21, 2023, and resumed using Covey Scout for Inbound again on June 29, 2024.The Covey tool has been reviewed by an independent auditor. Results of the audit may be viewed here: CoveyAbout DoorDashAt DoorDash, our mission to empower local economies shapes how our team members move quickly, learn, and reiterate in order to make impactful decisions that display empathy for our range of users-from Dashers to merchant partners to consumers. We are a technology and logistics company that started with door-to-door delivery, and we are looking for team members who can help us go from a company that is known for delivering food to a company that people turn to for any and all goods. DoorDash is growing rapidly and changing constantly, which gives our team members the opportunity to share their unique perspectives, solve new challenges, and own their careers. We're committed to supporting employees' happiness, healthiness, and overall well-being by providing comprehensive benefits and perks.Our Commitment to Diversity and InclusionWe're committed to growing and empowering a more inclusive community within our company, industry, and cities. That's why we hire and cultivate diverse teams of people from all backgrounds, experiences, and perspectives. We believe that true innovation happens when everyone has room at the table and the tools, resources, and opportunity to excel. If you need any accommodations, please inform your recruiting contact upon initial connection.We use Covey as part of our hiring and/or promotional process for jobs in certain locations.The Covey tool has been reviewed by an independent auditor. Results of the audit may be viewed here: https://getcovey.com/nyc-local-law-144To request a reasonable accommodation under applicable law or alternate selection process, please inform your recruiting contact upon initial connection.",https://www.themuse.com/jobs/doordash/representante-senior-de-atencion-al-cliente-bilingue,,,2025-07-11T12:00:36Z,18192625
